Age,Annual_Income,Credit_Score,Loan_Amount,Employment_Years,Dependents,Education,Self_Employed,Loan_Status
41.45128205128205,87559.0,677.0,67443.0,26,1,not graduate,no,Approved
44.0,25955.0,661.0,11896.0,16,1,graduate,no,Approved
52.0,18000.0,784.0,19197.0,27,4,graduate,no,Approved
21.0,28647.0,652.0,58469.0,0,3,graduate,no,Approved
21.0,78620.0,772.0,46738.0,0,4,graduate,no,Approved
22.0,81427.0,757.0,5513.0,0,3,graduate,yes,Approved
43.0,34790.0,741.0,27732.0,21,0,graduate,no,Approved
36.0,87913.0,811.0,72007.81615120274,15,1,graduate,no,Approved
21.0,52529.0,653.0,124231.0,0,2,not graduate,no,Approved
35.0,42820.0,721.0,19804.0,14,2,graduate,no,Approved
55.0,47461.0,598.0,64400.0,35,4,graduate,no,Approved
43.0,68924.0,730.0,118437.0,18,3,graduate,no,Approved
31.0,55405.0,737.0,100299.0,4,3,not graduate,no,Approved
53.0,18000.0,625.0,14986.0,33,3,not graduate,no,Approved
25.0,73247.0,623.0,110879.0,4,0,graduate,no,Approved
25.0,91640.0,651.0,139752.0,1,2,graduate,no,Rejected
31.0,33229.0,683.0,74823.0,9,3,graduate,no,Approved
48.0,20154.0,625.0,44537.0,21,2,not graduate,no,Approved
53.0,64452.0,714.0,48033.0,30,0,graduate,no,Approved
29.0,54639.0,613.0,92211.0,5,3,graduate,no,Rejected
40.0,44894.0,606.0,5090.0,11,0,graduate,no,Approved
46.0,39504.0,667.0,26621.0,23,4,graduate,no,Approved
44.0,43334.0,639.0,66045.0,16,0,graduate,no,Approved
33.0,33494.0,676.0,55796.0,11,4,not graduate,yes,Approved
41.45128205128205,40775.0,757.0,46293.0,35,1,graduate,no,Approved
57.0,62540.0,749.0,54305.0,34,1,graduate,no,Approved
35.0,38299.0,680.0,72965.0,10,3,graduate,no,Approved
36.0,59109.0,488.0,72676.0,9,4,graduate,no,Rejected
36.0,33314.0,717.0,8848.0,13,1,not graduate,yes,Approved
43.0,75329.0,700.0,87051.0,16,2,not graduate,no,Approved
53.0,28113.0,621.0,55428.0,33,3,graduate,no,Approved
45.0,98224.0,738.0,169359.0,19,1,not graduate,no,Approved
28.0,42379.0,722.0,95490.0,2,2,not graduate,no,Approved
23.0,21249.0,836.0,7441.0,0,3,graduate,no,Approved
33.0,31458.0,715.0,43171.0,12,4,graduate,no,Approved
33.0,89751.0,834.0,110761.0,7,4,graduate,no,Approved
47.0,60486.0,626.0,50255.0,22,3,graduate,no,Approved
56.0,79273.0,582.0,56073.0,28,4,graduate,no,Approved
44.0,59476.0,836.0,54844.0,24,0,graduate,no,Approved
31.0,22471.0,606.0,5000.0,2,4,graduate,no,Rejected
24.0,24638.0,570.0,37255.0,1,1,graduate,no,Rejected
22.0,40422.0,728.0,11182.0,2,2,graduate,yes,Approved
47.0,75376.0,755.0,117384.0,20,0,graduate,no,Approved
40.0,88650.0,577.0,79222.0,14,1,not graduate,no,Rejected
58.0,51824.0,676.0,45091.0,35,0,graduate,no,Approved
53.0,21931.0,604.0,19207.0,28,0,graduate,no,Approved
33.0,102592.0,791.0,180000.0,9,0,graduate,no,Approved
41.0,53193.0,663.0,48047.0,19,3,graduate,yes,Approved
35.0,30258.0,695.0,52078.0,12,1,graduate,no,Approved
51.0,51323.0,835.0,76255.0,28,2,graduate,no,Approved
44.0,59708.0,550.0,62764.0,18,2,not graduate,no,Approved
42.0,31512.0,747.0,24521.0,13,1,graduate,no,Approved
40.0,69140.0,678.0,119118.0,13,1,graduate,no,Approved
29.0,59204.0,667.0,72680.0,9,2,graduate,no,Approved
58.0,60353.0,772.0,20078.0,32,3,graduate,no,Approved
51.0,45756.0,663.0,67849.0,26,3,graduate,no,Approved
53.0,30656.0,708.0,43199.0,29,1,graduate,no,Approved
27.0,81145.0,647.0,142491.0,0,1,graduate,no,Rejected
60.0,68048.0,685.0273504273505,121139.0,35,2,not graduate,yes,Approved
37.0,24014.0,623.0,21347.0,8,3,graduate,no,Approved
36.0,53747.0,666.0,90314.0,9,2,graduate,no,Approved
35.0,42311.0,691.0,28452.0,9,3,graduate,yes,Approved
27.0,77826.0,561.0,148542.0,2,1,graduate,no,Rejected
56.0,49289.0,636.0,66803.0,31,2,not graduate,yes,Approved
42.0,71959.0,673.0,43029.0,17,2,graduate,no,Approved
53.0,60633.0,634.0,40501.0,32,3,not graduate,no,Approved
51.0,69733.0,746.0,51148.0,29,4,graduate,no,Approved
40.0,42590.0,465.0,26097.0,16,0,graduate,no,Rejected
57.0,45738.0,656.0,23408.0,28,2,graduate,no,Approved
46.0,89111.0,661.0,128262.0,26,4,graduate,yes,Approved
26.0,49693.0,672.0,85438.0,0,1,graduate,yes,Approved
24.0,18000.0,726.0,19706.0,4,3,not graduate,no,Approved
37.0,57275.01202749141,645.0,89589.0,8,0,not graduate,no,Approved
39.0,53553.0,596.0,99995.0,17,4,not graduate,no,Approved
57.0,65397.0,655.0,59923.0,32,3,graduate,no,Approved
39.0,75909.0,663.0,89615.0,15,0,graduate,no,Approved
21.0,70407.0,694.0,67298.0,0,2,graduate,no,Approved
23.0,68551.0,743.0,126968.0,2,2,graduate,no,Approved
52.0,57407.0,629.0,95763.0,31,3,graduate,no,Approved
40.0,65538.0,635.0,109259.0,19,3,not graduate,no,Approved
50.0,25622.0,643.0,39830.0,23,2,graduate,no,Rejected
28.0,52233.0,669.0,54785.0,0,0,not graduate,no,Rejected
45.0,51107.0,770.0,73891.0,19,4,graduate,no,Approved
50.0,54469.0,711.0,72007.81615120274,26,3,graduate,no,Approved
52.0,73494.0,702.0,29443.0,25,0,not graduate,yes,Approved
34.0,18000.0,683.0,13969.0,7,0,graduate,no,Approved
27.0,57275.01202749141,759.0,87517.0,4,2,graduate,no,Approved
30.0,45199.0,602.0,51455.0,7,4,graduate,no,Approved
50.0,57275.01202749141,623.0,93231.0,27,2,graduate,no,Approved
46.0,37557.0,630.0,8975.0,25,1,graduate,no,Approved
34.0,93617.0,637.0,35577.0,14,0,graduate,no,Approved
48.0,33531.0,721.0,43349.0,26,4,graduate,no,Approved
36.0,91718.0,665.0,131805.0,15,2,graduate,no,Approved
34.0,43695.0,791.0,37484.0,11,3,graduate,no,Approved
32.0,89045.0,664.0,56281.0,10,1,graduate,no,Rejected
39.0,25263.0,545.0,16433.0,12,3,not graduate,no,Rejected
23.0,56574.0,688.0,23346.0,0,2,graduate,yes,Approved
30.0,18000.0,761.0,11617.0,4,1,graduate,no,Approved
32.0,68913.0,577.0,143409.0,3,4,not graduate,no,Rejected
39.0,64850.0,660.0,66309.0,10,2,not graduate,yes,Approved
37.0,46828.0,656.0,72007.81615120274,17,4,graduate,no,Approved
32.0,111614.0,685.0273504273505,180000.0,9,0,graduate,no,Approved
56.0,95292.0,629.0,180000.0,29,4,graduate,no,Approved
57.0,56702.0,735.0,82327.0,35,1,not graduate,yes,Approved
28.0,50139.0,596.0,83132.0,0,4,graduate,no,Rejected
53.0,21666.0,686.0,23056.0,27,1,not graduate,no,Approved
52.0,62341.0,704.0,114917.0,24,1,graduate,no,Approved
25.0,44830.0,734.0,72007.81615120274,0,3,graduate,no,Approved
60.0,47018.0,617.0,9644.0,34,0,graduate,no,Approved
27.0,55776.0,466.0,65341.0,3,1,not graduate,no,Rejected
22.0,55406.0,610.0,72007.81615120274,2,4,graduate,no,Rejected
36.0,37610.0,591.0,34789.0,8,0,graduate,yes,Approved
25.0,79013.0,773.0,40282.0,0,4,graduate,no,Approved
43.0,37027.0,724.0,46792.0,17,0,graduate,no,Approved
21.0,71654.0,689.0,120211.0,0,0,graduate,yes,Approved
51.0,31217.0,680.0,43855.0,30,4,graduate,no,Approved
55.0,51524.0,673.0,26987.0,28,0,graduate,no,Approved
58.0,79072.0,846.0,66579.0,33,1,not graduate,no,Approved
52.0,50533.0,572.0,102247.0,29,0,not graduate,no,Approved
47.0,73385.0,658.0,148523.0,24,4,not graduate,no,Approved
24.0,21490.0,762.0,43604.0,0,1,graduate,no,Approved
43.0,63678.0,754.0,113087.0,16,3,graduate,no,Approved
57.0,56810.0,795.0,34907.0,28,2,graduate,no,Approved
59.0,35034.0,717.0,70317.0,35,4,graduate,yes,Approved
33.0,24655.0,670.0,13231.0,4,2,graduate,yes,Approved
45.0,69049.0,704.0,49668.0,19,3,graduate,no,Approved
41.45128205128205,57275.01202749141,527.0,70598.0,6,1,graduate,no,Rejected
33.0,56043.0,752.0,72476.0,12,4,graduate,no,Approved
40.0,57513.0,600.0,57276.0,20,2,graduate,yes,Approved
54.0,43045.0,611.0,39363.0,25,2,not graduate,no,Approved
51.0,43461.0,733.0,16781.0,25,3,not graduate,no,Approved
32.0,45049.0,559.0,90628.0,10,3,graduate,no,Rejected
43.0,43125.0,589.0,68916.0,14,1,graduate,no,Approved
44.0,68512.0,583.0,94279.0,16,4,graduate,no,Approved
39.0,47827.0,557.0,32963.0,16,4,graduate,no,Approved
45.0,81291.0,652.0,118534.0,18,1,graduate,yes,Approved
32.0,47096.0,548.0,53710.0,7,1,graduate,no,Rejected
55.0,67535.0,792.0,132481.0,33,3,graduate,yes,Approved
29.0,45864.0,784.0,8094.0,7,3,not graduate,no,Approved
49.0,32225.0,768.0,72007.81615120274,24,0,graduate,no,Approved
59.0,91189.0,755.0,150119.0,35,2,graduate,no,Approved
44.0,57275.01202749141,690.0,131361.0,17,3,graduate,no,Approved
60.0,53621.0,633.0,28636.0,35,4,graduate,no,Approved
42.0,84785.0,728.0,94171.0,15,1,graduate,no,Approved
59.0,46540.0,588.0,72007.81615120274,33,4,graduate,yes,Approved
26.0,63299.0,796.0,107399.0,2,3,not graduate,no,Approved
55.0,48949.0,676.0,42417.0,33,3,not graduate,no,Approved
45.0,67994.0,566.0,72567.0,16,0,graduate,no,Rejected
59.0,24578.0,706.0,31437.0,30,2,graduate,no,Approved
49.0,70571.0,667.0,108970.0,20,4,graduate,no,Approved
30.0,31217.0,653.0,43997.0,3,3,graduate,no,Approved
41.0,38533.0,695.0,80123.0,17,1,graduate,no,Approved
59.0,18000.0,607.0,28226.0,35,4,graduate,no,Approved
35.0,37468.0,681.0,82088.0,12,3,not graduate,yes,Approved
42.0,33476.0,771.0,24770.0,15,3,not graduate,no,Approved
28.0,47001.0,634.0,44986.0,0,3,not graduate,yes,Rejected
55.0,40977.0,698.0,36177.0,30,4,graduate,no,Approved
60.0,18000.0,638.0,26244.0,35,3,graduate,no,Approved
53.0,45099.0,732.0,5552.0,28,3,graduate,no,Approved
39.0,43613.0,671.0,72007.81615120274,12,3,graduate,no,Approved
34.0,35736.0,749.0,57493.0,9,4,graduate,no,Approved
55.0,18000.0,716.0,5000.0,35,0,graduate,yes,Approved
48.0,26833.0,678.0,53746.0,19,4,graduate,no,Approved
58.0,59105.0,727.0,76402.0,33,3,graduate,no,Approved
50.0,19923.0,785.0,16647.0,29,4,not graduate,no,Approved
41.45128205128205,43955.0,560.0,74103.0,33,1,graduate,no,Rejected
150.0,54130.0,579.0,61797.0,28,1,not graduate,no,Approved
40.0,19194.0,703.0,34663.0,16,4,graduate,no,Approved
53.0,49391.0,672.0,83646.0,30,1,graduate,no,Approved
52.0,43647.0,720.0,92604.0,27,2,graduate,no,Approved
59.0,42786.0,691.0,82981.0,34,1,graduate,no,Approved
33.0,38382.0,750.0,38456.0,13,0,graduate,yes,Approved
32.0,57275.01202749141,632.0,91247.0,12,0,not graduate,no,Approved
41.0,65102.0,797.0,57359.0,14,2,graduate,no,Approved
45.0,65834.0,631.0,33857.0,22,0,graduate,no,Approved
56.0,1000000.0,623.0,11415.0,35,3,not graduate,no,Approved
32.0,41712.0,616.0,72181.0,8,2,not graduate,no,Rejected
26.0,90830.0,588.0,130436.0,0,0,graduate,no,Rejected
45.0,52887.0,607.0,63856.0,23,4,not graduate,no,Rejected
28.0,78285.0,726.0,145612.0,4,2,graduate,yes,Approved
48.0,49521.0,643.0,102351.0,21,2,not graduate,no,Approved
55.0,66388.0,751.0,101832.0,33,0,graduate,no,Approved
21.0,54825.0,675.0,33670.0,0,3,graduate,no,Approved
42.0,55306.0,805.0,53940.0,14,3,not graduate,no,Approved
21.0,86006.0,760.0,171751.0,0,4,graduate,no,Approved
40.0,99224.0,713.0,180000.0,13,0,not graduate,no,Approved
49.0,86974.0,533.0,180000.0,23,0,not graduate,no,Rejected
46.0,69396.0,587.0,50526.0,18,2,graduate,no,Approved
46.0,78777.0,702.0,74429.0,19,2,not graduate,no,Approved
51.0,89442.0,643.0,68617.0,24,2,graduate,no,Approved
56.0,109017.0,724.0,113599.0,32,2,graduate,no,Approved
50.0,55574.0,769.0,56142.0,30,2,graduate,no,Approved
57.0,21654.0,588.0,16304.0,31,0,graduate,yes,Approved
41.0,76013.0,710.0,63899.0,12,0,graduate,no,Approved
29.0,70967.0,701.0,103915.0,3,2,graduate,no,Approved
44.0,59887.0,573.0,67492.0,17,3,graduate,yes,Rejected
47.0,54279.0,720.0,100.0,24,3,not graduate,no,Approved
39.0,44492.0,580.0,93939.0,12,4,graduate,no,Rejected
56.0,57275.01202749141,821.0,24271.0,35,4,graduate,no,Approved
22.0,57275.01202749141,802.0,22163.0,0,3,not graduate,no,Approved
59.0,18447.0,712.0,47901.0,35,0,graduate,no,Approved
52.0,41967.0,726.0,77590.0,23,1,graduate,no,Approved
38.0,42444.0,548.0,104148.0,15,2,graduate,no,Rejected
26.0,32822.0,722.0,50396.0,3,1,graduate,no,Approved
32.0,30239.0,747.0,45079.0,6,2,graduate,no,Approved
29.0,59066.0,709.0,15442.0,2,2,graduate,no,Approved
27.0,69201.0,687.0,121321.0,0,4,not graduate,no,Approved
41.0,53806.0,622.0,82593.0,13,1,not graduate,no,Rejected
47.0,43500.0,999.0,13350.0,24,0,not graduate,no,Approved
46.0,38108.0,636.0,44275.0,22,2,graduate,no,Approved
44.0,18000.0,767.0,36084.0,19,3,graduate,no,Approved
28.0,74194.0,813.0,38490.0,5,3,not graduate,yes,Approved
56.0,58662.0,710.0,29977.0,27,2,graduate,no,Approved
41.45128205128205,64360.0,766.0,16491.0,30,1,graduate,no,Approved
25.0,32181.0,686.0,5550.0,4,3,graduate,yes,Approved
23.0,60461.0,751.0,81741.0,0,3,not graduate,no,Approved
26.0,67553.0,594.0,58749.0,0,4,graduate,no,Rejected
33.0,94509.0,616.0,92793.0,6,0,not graduate,no,Approved
43.0,42308.0,682.0,5000.0,16,2,graduate,no,Approved
60.0,48229.0,594.0,46596.0,35,1,graduate,no,Approved
58.0,41814.0,749.0,72007.81615120274,31,1,graduate,yes,Approved
37.0,62427.0,803.0,103407.0,10,3,graduate,no,Approved
23.0,40119.0,685.0,9437.0,1,0,graduate,no,Approved
49.0,18000.0,697.0,38072.0,27,0,graduate,yes,Approved
52.0,49713.0,542.0,71307.0,26,0,not graduate,yes,Rejected
43.0,25340.0,675.0,56146.0,16,3,not graduate,yes,Approved
28.0,71729.0,619.0,112954.0,1,0,graduate,yes,Rejected
46.0,76655.0,717.0,170280.0,21,3,not graduate,no,Approved
54.0,69993.0,607.0,98761.0,33,1,graduate,no,Approved
37.0,18000.0,555.0,42762.0,9,1,graduate,no,Rejected
27.0,95677.0,705.0,103717.0,0,3,graduate,no,Approved
45.0,51868.0,728.0,33831.0,23,1,not graduate,no,Approved
37.0,32909.0,745.0,60866.0,8,1,not graduate,no,Approved
48.0,74131.0,689.0,151297.0,22,4,graduate,no,Approved
28.0,76619.0,657.0,18533.0,3,2,graduate,no,Approved
49.0,30161.0,669.0,24705.0,20,4,graduate,no,Approved
22.0,69198.0,810.0,71087.0,0,4,graduate,no,Approved
36.0,48198.0,623.0,35615.0,13,1,graduate,no,Approved
39.0,77972.0,650.0,122270.0,17,2,graduate,no,Approved
22.0,78078.0,754.0,74434.0,0,4,graduate,no,Approved
43.0,65853.0,639.0,60499.0,21,3,not graduate,no,Approved
47.0,96385.0,547.0,169257.0,23,4,not graduate,no,Rejected
57.0,43318.0,682.0,84033.0,29,0,graduate,no,Approved
31.0,46347.0,639.0,58195.0,4,3,graduate,no,Rejected
23.0,36071.0,769.0,36895.0,2,3,graduate,no,Approved
52.0,57275.01202749141,633.0,94610.0,29,3,not graduate,no,Approved
21.0,86683.0,659.0,180000.0,1,3,not graduate,no,Approved
32.0,78441.0,718.0,139860.0,11,2,graduate,yes,Approved
49.0,60153.0,701.0,65267.0,26,0,graduate,no,Approved
22.0,44273.0,628.0,82029.0,0,1,graduate,yes,Rejected
41.45128205128205,83109.0,628.0,168655.0,35,2,graduate,no,Approved
21.0,66856.0,674.0,55236.0,0,2,graduate,no,Rejected
32.0,68703.0,710.0,129791.0,9,4,graduate,no,Approved
22.0,45939.0,756.0,47755.0,0,1,graduate,yes,Approved
38.0,53778.0,759.0,61327.0,12,2,graduate,yes,Approved
60.0,39034.0,569.0,43785.0,35,1,graduate,no,Approved
43.0,64096.0,684.0,98365.0,15,1,graduate,no,Approved
44.0,82232.0,723.0,100778.0,23,4,graduate,yes,Approved
55.0,65766.0,752.0,53452.0,31,4,graduate,no,Approved
38.0,56613.0,638.0,72007.81615120274,14,4,graduate,no,Approved
28.0,45184.0,715.0,79188.0,0,4,graduate,no,Approved
35.0,70598.0,746.0,150358.0,9,2,graduate,yes,Approved
58.0,62192.0,688.0,111119.0,32,1,not graduate,yes,Approved
60.0,20754.0,100.0,30645.0,35,0,graduate,no,Approved
57.0,68374.0,794.0,152904.0,35,3,graduate,no,Approved
31.0,79581.0,708.0,46499.0,9,4,not graduate,no,Approved
27.0,67684.0,563.0,38416.0,2,0,not graduate,yes,Rejected
21.0,74165.0,576.0,42948.0,0,3,graduate,no,Rejected
21.0,58307.0,657.0,117202.0,0,0,graduate,no,Approved
27.0,54172.0,681.0,92009.0,6,0,graduate,no,Approved
48.0,21438.0,605.0,22814.0,25,1,not graduate,no,Approved
59.0,96276.0,746.0,163173.0,35,4,graduate,no,Approved
27.0,70093.0,689.0,114773.0,3,3,not graduate,no,Rejected
55.0,75585.0,694.0,41336.0,29,1,graduate,no,Approved
42.0,39003.0,630.0,48853.0,16,3,graduate,no,Approved
46.0,73346.0,778.0,53297.0,26,1,graduate,no,Approved
22.0,52480.0,637.0,85632.0,0,2,graduate,no,Rejected
34.0,28968.0,661.0,51559.0,12,2,graduate,no,Approved
31.0,23523.0,640.0,16796.0,2,1,graduate,yes,Approved
32.0,59923.0,711.0,22652.0,7,4,graduate,no,Approved
28.0,58309.0,593.0,93970.0,3,2,not graduate,no,Rejected
32.0,43497.0,597.0,108298.0,12,0,not graduate,no,Rejected
39.0,24053.0,663.0,33482.0,17,1,not graduate,yes,Approved
22.0,48801.0,659.0,46933.0,0,3,graduate,no,Approved
43.0,46754.0,718.0,38519.0,22,4,not graduate,no,Approved
55.0,27618.0,630.0,72007.81615120274,26,3,graduate,no,Approved
47.0,57647.0,759.0,28377.0,25,1,graduate,no,Approved
44.0,59324.0,685.0273504273505,109151.0,15,3,graduate,yes,Approved
53.0,49000.0,588.0,46380.0,27,1,graduate,no,Approved
56.0,49073.0,710.0,24274.0,33,2,graduate,no,Approved
22.0,53777.0,628.0,80300.0,0,1,graduate,no,Approved
24.0,56485.0,712.0,91782.0,0,3,graduate,yes,Approved
28.0,42308.0,733.0,50412.0,7,1,graduate,no,Approved
39.0,59925.0,841.0,30036.0,16,2,not graduate,no,Approved
51.0,53026.0,735.0,55297.0,30,1,graduate,no,Approved
48.0,45484.0,849.0,50063.0,21,4,graduate,no,Approved
41.0,79391.0,775.0,43563.0,13,4,graduate,no,Approved
35.0,77641.0,691.0,163592.0,10,0,graduate,no,Approved
26.0,60184.0,553.0,122871.0,2,4,not graduate,no,Rejected
59.0,85407.0,796.0,30957.0,35,1,graduate,no,Approved
45.0,52872.0,741.0,111532.0,20,3,graduate,yes,Approved
43.0,54117.0,563.0,71788.0,18,4,not graduate,yes,Rejected
49.0,63111.0,738.0,120992.0,24,1,graduate,no,Approved
43.0,31697.0,784.0,900000.0,18,1,graduate,no,Approved
52.0,111322.0,689.0,180000.0,28,3,graduate,yes,Approved
59.0,56905.0,606.0,72007.81615120274,31,3,not graduate,no,Approved
55.0,59642.0,678.0,105198.0,27,2,graduate,yes,Approved
44.0,18000.0,667.0,27448.0,15,3,graduate,no,Approved
45.0,80505.0,850.0,157779.0,19,2,graduate,no,Approved
54.0,18000.0,659.0,25036.0,28,4,graduate,no,Approved
47.0,40660.0,662.0,72007.81615120274,25,1,graduate,no,Approved
33.0,63781.0,722.0,77873.0,11,2,graduate,no,Approved
35.0,71352.0,716.0,82558.0,6,2,graduate,no,Approved
32.0,94480.0,729.0,176206.0,8,0,not graduate,no,Approved
42.0,63982.0,664.0,72007.81615120274,16,2,graduate,no,Approved
55.0,23710.0,712.0,44181.0,28,2,not graduate,no,Approved
52.0,62745.0,665.0,13001.0,30,2,not graduate,no,Approved
45.0,52645.0,678.0,58430.0,19,0,not graduate,no,Approved
47.0,45326.0,722.0,90016.0,23,2,graduate,no,Approved
36.0,94621.0,719.0,144738.0,13,1,not graduate,no,Approved
29.0,97007.0,685.0273504273505,138252.0,2,4,graduate,no,Rejected
57.0,20455.0,664.0,72007.81615120274,34,0,graduate,no,Approved
51.0,55623.0,770.0,64410.0,29,2,not graduate,no,Approved
55.0,81543.0,685.0273504273505,36029.0,35,2,graduate,no,Approved
41.45128205128205,36166.0,607.0,10898.0,17,0,graduate,no,Rejected
34.0,61772.0,684.0,123198.0,7,4,graduate,no,Approved
59.0,77316.0,693.0,115361.0,35,4,graduate,no,Approved
22.0,82627.0,656.0,96794.0,0,2,graduate,no,Approved
43.0,26912.0,690.0,25468.0,16,2,graduate,no,Approved
31.0,35235.0,696.0,72007.81615120274,10,1,graduate,no,Approved
21.0,39530.0,668.0,83238.0,0,0,graduate,yes,Approved
38.0,80945.0,656.0,176098.0,13,0,not graduate,no,Approved
48.0,66954.0,769.0,49264.0,19,3,graduate,no,Approved
45.0,18593.0,803.0,12641.0,20,1,graduate,no,Approved
41.0,70686.0,580.0,113080.0,13,0,graduate,no,Rejected
34.0,53362.0,635.0,64613.0,5,4,not graduate,no,Rejected
54.0,54281.0,646.0,66669.0,33,0,graduate,no,Approved
34.0,36052.0,685.0273504273505,65261.0,10,2,graduate,no,Approved
37.0,57275.01202749141,592.0,51746.0,16,4,not graduate,no,Rejected
32.0,83126.0,680.0,38142.0,12,4,graduate,no,Approved
24.0,49594.0,631.0,102733.0,0,1,not graduate,no,Rejected
51.0,44232.0,810.0,96075.0,24,3,not graduate,no,Approved
57.0,82974.0,657.0,94954.0,30,3,not graduate,yes,Approved
53.0,53546.0,801.0,95659.0,33,3,not graduate,no,Approved
40.0,49919.0,698.0,29709.0,15,3,graduate,yes,Approved
58.0,71418.0,752.0,64514.0,33,3,graduate,no,Approved
28.0,59270.0,819.0,90681.0,8,1,graduate,no,Approved
45.0,100336.0,719.0,41207.0,24,3,graduate,no,Approved
23.0,43620.0,720.0,34937.0,0,4,not graduate,no,Approved
23.0,57275.01202749141,519.0,20290.0,2,3,graduate,no,Rejected
41.45128205128205,62447.0,693.0,104312.0,26,2,graduate,no,Approved
56.0,57275.01202749141,722.0,136730.0,30,0,not graduate,yes,Approved
52.0,41254.0,713.0,43432.0,24,3,not graduate,yes,Approved
31.0,60714.0,675.0,115120.0,5,3,graduate,yes,Approved
52.0,59464.0,670.0,89136.0,25,1,graduate,no,Approved
42.0,32417.0,724.0,69806.0,22,4,graduate,no,Approved
48.0,35105.0,705.0,53436.0,24,4,not graduate,no,Approved
48.0,60364.0,592.0,52291.0,19,2,not graduate,no,Approved
41.45128205128205,59309.0,795.0,47751.0,21,4,graduate,no,Approved
59.0,93605.0,679.0,128850.0,35,1,not graduate,no,Approved
25.0,58909.0,731.0,82079.0,0,2,not graduate,no,Approved
33.0,44283.0,602.0,99568.0,6,4,graduate,no,Rejected
59.0,80725.0,694.0,167948.0,32,3,graduate,no,Approved
28.0,122735.0,793.0,77966.0,7,1,graduate,no,Approved
48.0,18000.0,594.0,35514.0,21,4,graduate,no,Approved
23.0,65372.0,703.0,67929.0,0,1,graduate,no,Approved
60.0,80284.0,770.0,72204.0,35,3,graduate,no,Approved
32.0,79631.0,744.0,154945.0,12,2,graduate,no,Approved
46.0,78180.0,737.0,25669.0,20,2,graduate,no,Approved
29.0,26831.0,682.0,8546.0,6,3,graduate,no,Approved
47.0,42969.0,686.0,73275.0,22,3,not graduate,yes,Approved
50.0,37888.0,691.0,48884.0,21,4,graduate,no,Approved
50.0,62358.0,710.0,132832.0,27,1,graduate,yes,Approved
46.0,40686.0,763.0,43506.0,19,4,graduate,yes,Approved
46.0,46022.0,850.0,56388.0,17,1,graduate,no,Approved
49.0,59001.0,606.0,118956.0,29,1,graduate,yes,Approved
53.0,68332.0,613.0,26733.0,27,0,not graduate,no,Approved
56.0,56226.0,752.0,72026.0,27,4,not graduate,no,Approved
36.0,44468.0,793.0,24420.0,7,0,graduate,no,Approved
30.0,40017.0,586.0,54584.0,7,1,not graduate,no,Rejected
37.0,69488.0,590.0,14613.0,17,1,graduate,no,Approved
33.0,70584.0,640.0,91492.0,12,3,graduate,yes,Rejected
41.45128205128205,45178.0,603.0,42656.0,10,1,graduate,no,Approved
49.0,49555.0,758.0,65826.0,27,3,not graduate,no,Approved
59.0,35992.0,601.0,17905.0,35,3,graduate,no,Approved
55.0,22318.0,750.0,33006.0,33,3,graduate,no,Approved
21.0,57115.0,769.0,82554.0,0,2,graduate,no,Approved
51.0,96290.0,683.0,132361.0,24,1,not graduate,yes,Approved
48.0,58759.0,685.0,56352.0,26,4,graduate,yes,Approved
22.0,56630.0,798.0,108043.0,0,3,graduate,no,Approved
31.0,34712.0,648.0,72007.81615120274,5,3,not graduate,no,Rejected
57.0,53895.0,696.0,27079.0,31,4,not graduate,no,Approved
30.0,23144.0,704.0,42466.0,5,0,graduate,no,Approved
41.45128205128205,63364.0,842.0,108889.0,5,3,not graduate,no,Approved
27.0,39597.0,608.0,46342.0,5,1,graduate,no,Approved
39.0,64680.0,645.0,33418.0,19,0,graduate,yes,Approved
36.0,67315.0,736.0,65817.0,15,1,not graduate,no,Approved
25.0,52903.0,674.0,45767.0,0,1,graduate,no,Approved
50.0,59569.0,629.0,134128.0,25,3,not graduate,no,Approved
25.0,41207.0,647.0,40802.0,5,2,graduate,no,Approved
32.0,57818.0,740.0,90557.0,8,3,not graduate,yes,Approved
49.0,30567.0,850.0,34420.0,22,1,not graduate,yes,Approved
43.0,66160.0,850.0,28795.0,14,4,graduate,no,Approved
44.0,42780.0,808.0,88107.0,20,3,graduate,no,Approved
24.0,45441.0,755.0,73542.0,0,0,graduate,no,Approved
23.0,88509.0,735.0,40043.0,3,2,not graduate,no,Approved
53.0,100659.0,685.0273504273505,136516.0,33,1,graduate,no,Approved
52.0,50889.0,780.0,28606.0,25,3,not graduate,no,Approved
29.0,41291.0,703.0,36701.0,0,2,graduate,no,Approved
54.0,50292.0,735.0,46685.0,30,2,not graduate,no,Approved
46.0,112912.0,486.0,180000.0,21,2,not graduate,yes,Rejected
52.0,62175.0,749.0,110492.0,26,3,graduate,no,Approved
41.45128205128205,28358.0,714.0,33901.0,0,1,graduate,no,Approved
34.0,43321.0,652.0,67159.0,14,0,not graduate,no,Approved
57.0,57843.0,774.0,90467.0,35,2,not graduate,no,Approved
53.0,70641.0,597.0,103623.0,28,3,not graduate,no,Approved
53.0,57275.01202749141,684.0,37229.0,25,1,graduate,no,Approved
52.0,67696.0,685.0273504273505,57175.0,28,3,graduate,no,Approved
22.0,50932.0,704.0,23834.0,0,3,graduate,no,Approved
52.0,57275.01202749141,695.0,99635.0,30,4,graduate,no,Approved
57.0,60975.0,831.0,79807.0,29,2,graduate,no,Approved
36.0,80163.0,597.0,60802.0,9,1,graduate,no,Approved
45.0,46471.0,724.0,45949.0,16,0,graduate,yes,Approved
55.0,47613.0,652.0,94013.0,30,1,not graduate,no,Approved
25.0,108807.0,658.0,180000.0,0,4,graduate,no,Rejected
46.0,50813.0,530.0,52533.0,23,3,graduate,no,Rejected
35.0,24232.0,837.0,26900.0,10,0,graduate,no,Approved
43.0,41519.0,636.0,78537.0,22,1,not graduate,no,Approved
32.0,36116.0,569.0,12422.0,7,4,graduate,no,Rejected
36.0,54230.0,678.0,28843.0,11,3,not graduate,no,Approved
50.0,37977.0,627.0,62503.0,27,3,not graduate,no,Approved
56.0,65049.0,620.0,65088.0,33,0,graduate,no,Approved
41.0,61362.0,640.0,112294.0,13,3,graduate,no,Approved
42.0,37877.0,725.0,60557.0,18,4,not graduate,no,Approved
24.0,36719.0,824.0,23351.0,1,4,graduate,no,Approved
48.0,72288.0,695.0,54555.0,20,0,graduate,no,Approved
48.0,88088.0,612.0,15867.0,25,4,not graduate,no,Rejected
34.0,59323.0,498.0,57959.0,14,3,not graduate,no,Rejected
40.0,85110.0,713.0,104506.0,18,2,graduate,no,Approved
55.0,74396.0,665.0,150377.0,33,4,graduate,no,Approved
34.0,69272.0,830.0,145983.0,8,3,graduate,yes,Approved
28.0,54237.0,667.0,85411.0,0,3,not graduate,no,Approved
49.0,71619.0,707.0,135381.0,22,3,graduate,no,Approved
53.0,105576.0,653.0,180000.0,30,4,graduate,no,Approved
25.0,95628.0,750.0,131356.0,0,3,graduate,yes,Approved
48.0,33772.0,683.0,36200.0,26,0,graduate,no,Approved
22.0,51575.0,518.0,95182.0,0,0,graduate,no,Rejected
28.0,34323.0,562.0,69797.0,7,0,graduate,no,Rejected
50.0,57341.0,574.0,124523.0,30,0,not graduate,no,Approved
31.0,71665.0,767.0,46069.0,6,4,graduate,no,Approved
53.0,90050.0,666.0,46506.0,29,3,not graduate,no,Approved
52.0,18000.0,725.0,25452.0,31,0,not graduate,no,Approved
49.0,18000.0,761.0,12763.0,21,4,graduate,no,Approved
29.0,30146.0,783.0,21232.0,8,2,graduate,no,Approved
60.0,80948.0,605.0,151386.0,33,4,graduate,no,Approved
59.0,57545.0,644.0,65298.0,34,2,not graduate,yes,Approved
36.0,70656.0,779.0,113273.0,14,4,graduate,no,Approved
23.0,80691.0,632.0,19778.0,0,3,graduate,no,Approved
48.0,38208.0,803.0,75677.0,20,1,graduate,no,Approved
55.0,65582.0,617.0,100528.0,29,1,graduate,no,Approved
37.0,25083.0,732.0,5000.0,8,2,graduate,no,Approved
36.0,86763.0,618.0,136922.0,16,1,graduate,no,Approved
45.0,84824.0,721.0,108118.0,25,1,not graduate,no,Approved
46.0,18000.0,669.0,28773.0,17,1,not graduate,yes,Approved
29.0,61848.0,648.0,103906.0,4,2,not graduate,no,Approved
60.0,70786.0,729.0,100535.0,35,0,graduate,no,Approved
40.0,96405.0,728.0,122179.0,20,0,graduate,no,Approved
25.0,58228.0,771.0,46952.0,0,2,graduate,yes,Approved
26.0,18000.0,792.0,9779.0,0,0,graduate,no,Approved
30.0,56022.0,646.0,44303.0,2,2,not graduate,no,Approved
52.0,61375.0,493.0,90452.0,26,4,graduate,yes,Rejected
31.0,30300.0,694.0,49915.0,6,0,graduate,no,Approved
49.0,61138.0,671.0,102940.0,29,3,graduate,no,Approved
46.0,76375.0,841.0,146897.0,20,2,graduate,no,Approved
21.0,52818.0,646.0,55247.0,0,0,not graduate,no,Approved
29.0,59821.0,665.0,119459.0,4,0,graduate,no,Approved
39.0,73267.0,721.0,114915.0,13,2,not graduate,no,Approved
36.0,68680.0,790.0,151491.0,8,3,graduate,no,Approved
41.0,39317.0,693.0,59124.0,20,1,graduate,no,Approved
24.0,18000.0,692.0,18851.0,0,1,not graduate,no,Approved
48.0,68655.0,817.0,29656.0,26,4,graduate,no,Approved
49.0,73110.0,806.0,50012.0,22,4,graduate,no,Approved
60.0,63301.0,782.0,64794.0,35,3,graduate,no,Approved
41.0,57275.01202749141,793.0,26798.0,17,1,graduate,no,Approved
38.0,26621.0,723.0,5000.0,16,0,graduate,no,Approved
41.0,27466.0,614.0,18156.0,19,2,not graduate,no,Rejected
37.0,57925.0,663.0,66872.0,12,0,not graduate,no,Approved
40.0,86834.0,714.0,180000.0,18,4,graduate,no,Approved
43.0,19658.0,656.0,19564.0,22,1,graduate,no,Approved
27.0,18000.0,575.0,10448.0,3,2,not graduate,no,Rejected
55.0,25422.0,703.0,28805.0,34,2,not graduate,no,Approved
23.0,32533.0,719.0,28909.0,0,4,graduate,no,Approved
38.0,84241.0,624.0,174860.0,11,2,not graduate,no,Rejected
53.0,43780.0,713.0,72074.0,25,3,graduate,yes,Approved
26.0,26849.0,680.0,8757.0,0,2,graduate,yes,Approved
57.0,60597.0,581.0,118389.0,30,0,graduate,no,Rejected
54.0,52186.0,654.0,90188.0,33,4,graduate,no,Approved
48.0,24035.0,771.0,5000.0,21,1,not graduate,no,Approved
59.0,33467.0,721.0,45241.0,35,0,not graduate,no,Approved
56.0,53039.0,677.0,98432.0,32,2,graduate,no,Approved
59.0,53456.0,682.0,37832.0,32,4,not graduate,no,Approved
36.0,70002.0,697.0,35030.0,10,1,not graduate,no,Approved
55.0,18000.0,603.0,16307.0,26,4,not graduate,no,Rejected
27.0,62311.0,810.0,120199.0,2,2,graduate,no,Approved
30.0,55655.0,631.0,70731.0,1,2,graduate,no,Approved
28.0,500.0,563.0,63009.0,6,0,graduate,no,Rejected
46.0,92322.0,716.0,153429.0,23,4,graduate,no,Approved
26.0,68921.0,749.0,102430.0,0,1,graduate,no,Approved
56.0,66020.0,850.0,44835.0,28,4,not graduate,yes,Approved
48.0,66318.0,640.0,70507.0,28,0,not graduate,no,Approved
22.0,89704.0,540.0,90469.0,0,2,graduate,no,Rejected
21.0,61159.0,626.0,79869.0,0,2,not graduate,no,Rejected
42.0,37437.0,634.0,66896.0,18,1,not graduate,yes,Approved
21.0,42336.0,679.0,31029.0,0,3,graduate,no,Approved
39.0,82414.0,762.0,60028.0,16,3,graduate,no,Approved
39.0,75642.0,601.0,155476.0,12,1,graduate,no,Rejected
46.0,76396.0,559.0,65085.0,26,4,graduate,no,Approved
48.0,110593.0,734.0,180000.0,27,3,not graduate,no,Approved
42.0,18273.0,763.0,12322.0,18,3,graduate,no,Approved
34.0,26302.0,667.0,37620.0,10,4,not graduate,no,Approved
55.0,57275.01202749141,850.0,98538.0,35,4,not graduate,no,Approved
50.0,60950.0,685.0273504273505,90114.0,24,3,graduate,yes,Approved
36.0,40642.0,578.0,15224.0,13,0,graduate,no,Approved
38.0,55632.0,619.0,17145.0,14,3,not graduate,no,Approved
35.0,63065.0,729.0,122948.0,11,3,not graduate,no,Approved
23.0,18000.0,815.0,23824.0,0,3,graduate,no,Approved
26.0,77138.0,725.0,87499.0,0,2,graduate,no,Approved
29.0,49523.0,678.0,56681.0,6,0,graduate,no,Approved
56.0,57275.01202749141,621.0,99234.0,30,0,graduate,no,Approved
54.0,57684.0,723.0,31763.0,28,3,graduate,no,Approved
24.0,47267.0,744.0,32547.0,0,1,graduate,no,Approved
38.0,45226.0,697.0,41485.0,11,2,graduate,no,Approved
24.0,88052.0,644.0,80176.0,3,3,graduate,no,Approved
26.0,93550.0,709.0,89276.0,5,1,graduate,no,Approved
45.0,45609.0,850.0,55351.0,17,4,graduate,no,Approved
49.0,63413.0,583.0,141561.0,20,4,graduate,no,Rejected
30.0,33036.0,801.0,56831.0,7,1,not graduate,no,Approved
41.45128205128205,79784.0,685.0273504273505,165235.0,1,1,graduate,no,Approved
36.0,104955.0,562.0,180000.0,16,1,not graduate,no,Rejected
53.0,86715.0,689.0,25307.0,26,3,not graduate,no,Approved
32.0,68433.0,635.0,140549.0,3,1,graduate,no,Approved
44.0,42851.0,777.0,83815.0,22,4,graduate,no,Approved
42.0,31206.0,698.0,27717.0,19,3,graduate,no,Approved
23.0,42626.0,808.0,86841.0,0,2,graduate,no,Approved
49.0,43433.0,676.0,72007.81615120274,25,1,graduate,no,Approved
45.0,39778.0,685.0273504273505,31061.0,25,3,graduate,no,Approved
29.0,39606.0,766.0,81658.0,5,2,graduate,no,Approved
56.0,36303.0,663.0,62815.0,28,4,graduate,yes,Approved
29.0,89125.0,631.0,62822.0,7,2,graduate,no,Approved
56.0,73051.0,639.0,79102.0,30,2,graduate,no,Approved
48.0,35319.0,661.0,42138.0,26,2,not graduate,no,Approved
50.0,41547.0,577.0,80121.0,26,0,graduate,no,Approved
120.0,85071.0,584.0,100707.0,2,1,graduate,no,Rejected
32.0,18000.0,720.0,36901.0,12,2,graduate,no,Approved
52.0,62647.0,669.0,99696.0,32,0,graduate,no,Approved
44.0,84599.0,711.0,27779.0,24,1,graduate,no,Approved
5.0,44678.0,659.0,81815.0,17,4,graduate,no,Approved
42.0,27476.0,685.0273504273505,5000.0,22,4,graduate,no,Approved
42.0,94874.0,614.0,178705.0,19,2,graduate,yes,Approved
42.0,56303.0,589.0,27821.0,14,1,not graduate,no,Approved
44.0,63165.0,800.0,69831.0,22,2,graduate,no,Approved
41.45128205128205,61289.0,805.0,34812.0,27,0,not graduate,no,Approved
58.0,18000.0,677.0,33195.0,35,2,graduate,no,Approved
55.0,67846.0,574.0,33340.0,28,0,graduate,no,Approved
44.0,43753.0,685.0273504273505,27336.0,19,3,graduate,no,Approved
53.0,53997.0,737.0,81950.0,25,4,graduate,yes,Approved
23.0,95626.0,635.0,20452.0,2,2,not graduate,no,Approved
37.0,91882.0,701.0,45509.0,10,2,graduate,no,Approved
52.0,65371.0,709.0,63798.0,28,2,graduate,no,Approved
36.0,78467.0,685.0273504273505,133484.0,12,2,not graduate,no,Approved
46.0,63449.0,806.0,126519.0,19,0,graduate,no,Approved
59.0,36688.0,685.0273504273505,5000.0,35,1,graduate,yes,Approved
59.0,69304.0,805.0,120896.0,34,4,graduate,no,Approved
55.0,32734.0,620.0,15727.0,30,0,graduate,no,Approved
41.0,56034.0,631.0,57128.0,16,3,graduate,no,Approved
44.0,48190.0,673.0,33777.0,20,4,not graduate,no,Approved
24.0,69846.0,768.0,120052.0,1,1,not graduate,no,Approved
57.0,66656.0,669.0,73625.0,32,4,graduate,no,Approved
58.0,59358.0,627.0,70850.0,29,1,not graduate,yes,Approved
44.0,50180.0,675.0,98868.0,19,2,graduate,no,Approved
59.0,93958.0,610.0,180000.0,30,2,graduate,no,Approved
25.0,78169.0,694.0,28767.0,0,2,graduate,no,Approved
39.0,38920.0,681.0,17944.0,15,3,not graduate,no,Approved
54.0,50952.0,532.0,61036.0,28,0,graduate,no,Approved
38.0,47059.0,709.0,71255.0,18,1,not graduate,no,Approved
41.45128205128205,49743.0,745.0,43324.0,16,1,graduate,yes,Approved
53.0,57275.01202749141,654.0,61822.0,30,2,graduate,no,Approved
57.0,34113.0,637.0,36725.0,35,0,graduate,no,Approved
28.0,42332.0,706.0,56204.0,70,1,graduate,no,Approved
27.0,53912.0,730.0,97600.0,7,0,not graduate,no,Approved
44.0,43012.0,784.0,59099.0,24,2,not graduate,no,Approved
60.0,49063.0,679.0,76866.0,35,0,not graduate,yes,Approved
30.0,40970.0,773.0,76485.0,3,3,graduate,no,Approved
35.0,67385.0,670.0,128100.0,12,3,graduate,yes,Approved
22.0,55115.0,684.0,106344.0,2,4,graduate,yes,Rejected
38.0,66089.0,700.0,125456.0,13,1,graduate,no,Approved
47.0,92117.0,661.0,112690.0,22,3,graduate,yes,Approved
37.0,49084.0,530.0,56922.0,17,0,graduate,yes,Approved
53.0,74572.0,700.0,138755.0,29,3,graduate,no,Approved
57.0,38360.0,709.0,62037.0,31,3,graduate,no,Approved
